{
  "results": [
    {
      "command": "./result/seq-prog 100",
      "mean": 0.05682253069317075,
      "stddev": 0.003930725544116151,
      "median": 0.05603582362000001,
      "user": 0.055933873658536575,
      "system": 0.0009085170731707316,
      "min": 0.05174947162000001,
      "max": 0.06936136962,
      "times": [
        0.06936136962,
        0.057184495620000005,
        0.060740830620000005,
        0.05950471562,
        0.05232852662,
        0.05392017862,
        0.057750592620000006,
        0.05665504662,
        0.055565555620000005,
        0.05588027662,
        0.061285809620000006,
        0.05453401762000001,
        0.056694988620000004,
        0.052525819620000004,
        0.057383739620000006,
        0.053727106620000006,
        0.055463269620000005,
        0.05306829062000001,
        0.05381509962000001,
        0.056983260620000004,
        0.05332461662000001,
        0.053098667620000005,
        0.052465150620000005,
        0.057605094620000005,
        0.060541530620000006,
        0.06569618662,
        0.05343216062,
        0.054514586620000006,
        0.05603582362000001,
        0.06057299662,
        0.05534586662,
        0.056314961620000006,
        0.058581446620000005,
        0.059008150620000005,
        0.05933631562,
        0.054153077620000004,
        0.05296927262000001,
        0.05174947162000001,
        0.05920047262000001,
        0.06607465762,
        0.05533026062
      ],
      "exit_codes": [
        0,
        0,
        0,
        0,
        0,
        0,
        0,
        0,
        0,
        0,
        0,
        0,
        0,
        0,
        0,
        0,
        0,
        0,
        0,
        0,
        0,
        0,
        0,
        0,
        0,
        0,
        0,
        0,
        0,
        0,
        0,
        0,
        0,
        0,
        0,
        0,
        0,
        0,
        0,
        0,
        0
      ],
      "parameters": {
        "size": "100"
      }
    },
    {
      "command": "./result/seq-prog 1000",
      "mean": 52.81849073292001,
      "stddev": 0.09994662746544226,
      "median": 52.84807671812,
      "user": 52.71374882,
      "system": 0.020791999999999998,
      "min": 52.620355030620004,
      "max": 52.95259307762,
      "times": [
        52.925803869620005,
        52.95259307762,
        52.85576755462,
        52.86123177362,
        52.78557807362,
        52.86183729962,
        52.77516573262,
        52.70618903562,
        52.84038588162,
        52.620355030620004
      ],
      "exit_codes": [
        0,
        0,
        0,
        0,
        0,
        0,
        0,
        0,
        0,
        0
      ],
      "parameters": {
        "size": "1000"
      }
    },
    {
      "command": "./result/seq-prog 2000",
      "mean": 531.96512636572,
      "stddev": 10.238757211734738,
      "median": 527.50875969662,
      "user": 529.59030482,
      "system": 0.08399999999999999,
      "min": 523.3823492116201,
      "max": 551.05292015062,
      "times": [
        527.0618599566201,
        524.50471524162,
        527.3134099096201,
        523.3823492116201,
        527.7041094836201,
        528.58640792062,
        551.05292015062,
        538.3930042026201,
        523.5088350916201,
        548.1436524886201
      ],
      "exit_codes": [
        0,
        0,
        0,
        0,
        0,
        0,
        0,
        0,
        0,
        0
      ],
      "parameters": {
        "size": "2000"
      }
    }
  ]
}
